{
  "group": "dirttodiamonds",
  "type": "minecraft:crafting_shaped",
  "pattern": [
    " 1 ",
    "345",
    "678"
  ],
  "key": {
    "1": {
      "item": "minecraft:leather"
    },
    "3": {
      "item": "minecraft:dirt"
    },
    "4": {
      "item": "minecraft:cobblestone"
    },
    "5": {
      "item": "minecraft:dirt"
    },
    "6": {
      "item": "minecraft:cobblestone"
    },
    "7": {
      "item": "minecraft:cobblestone"
    },
    "8": {
      "item": "minecraft:cobblestone"
    }
  },
  "result": {
    "item": "minecraft:enchanting_table",
    "count": 1
  }
}